No,Keywords,Volume,CPC,Paid Difficulty,Seo Difficulty,Position,Est. Visits,Ranking Url
1,algo trader,27100,₹17.75,34,37,63,0,http://scopicsoftware.com/blog/how-to-create-a-trading-algorithm/
2,web developer company,12100,₹48.70,37,61,98,0,http://scopicsoftware.com/web-development/
3,algotrading software,8100,₹17.34,42,35,76,0,http://scopicsoftware.com/blog/how-to-create-a-trading-algorithm/
4,algo software trading,8100,₹17.34,42,30,86,0,http://scopicsoftware.com/blog/how-to-create-a-trading-algorithm/
5,online portals,6600,₹82.96,1,48,17,5,http://scopicsoftware.com/blog/benefits-of-a-web-portal/
6,software development company,6600,₹69.34,19,51,69,0,http://scopicsoftware.com/
7,software developer company,6600,₹69.34,19,55,81,0,http://scopicsoftware.com/
8,trading algorithms,5400,₹14.45,23,60,32,17,http://scopicsoftware.com/blog/how-to-create-a-trading-algorithm/
9,algorithm trading,5400,₹14.45,23,61,44,0,http://scopicsoftware.com/blog/how-to-create-a-trading-algorithm/
10,coding for trading,3600,₹22.70,1,60,12,4,http://scopicsoftware.com/blog/how-to-create-a-trading-algorithm/
11,cartoonize app,3600,₹10.32,2,65,49,0,http://scopicsoftware.com/portfolio/web/cartoonize/
12,display advertising,3600,₹415.22,13,71,87,0,http://scopicsoftware.com/blog/benefits-of-display-advertising/
13,what is algo trading,3600,₹7.43,15,57,88,0,http://scopicsoftware.com/blog/how-to-create-a-trading-algorithm/
14,process model in software engineering,2900,₹80.07,1,56,84,0,http://scopicsoftware.com/blog/software-development-models/
15,social media optimizer,2900,₹14.03,5,65,92,0,http://scopicsoftware.com/marketing/social-media-marketing/
16,sdlc model in software engineering,2400,₹166.75,1,60,74,0,http://scopicsoftware.com/blog/software-development-models/
17,sdlc models in software engineering,2400,₹166.75,1,53,53,0,http://scopicsoftware.com/blog/software-development-models/
18,services for web development,2400,₹59.43,18,45,52,0,http://scopicsoftware.com/web-development/
19,web development service,2400,₹49.94,22,47,65,0,http://scopicsoftware.com/web-development/
20,quantitative trading,2400,₹8.67,8,55,69,0,http://scopicsoftware.com/blog/algorithmic-vs-quantitative-trading/
21,software process model,2400,₹655.02,2,55,85,0,http://scopicsoftware.com/blog/software-development-models/
22,web developer service,2400,₹49.94,22,50,54,0,http://scopicsoftware.com/web-development/
23,trading quantitative,2400,₹8.67,8,55,65,0,http://scopicsoftware.com/blog/algorithmic-vs-quantitative-trading/
24,cartoonize online,2400,₹5.37,2,52,51,0,http://scopicsoftware.com/portfolio/web/cartoonize/
25,what is portals,2400,₹0,1,67,68,0,http://scopicsoftware.com/blog/benefits-of-a-web-portal/
26,pepperstone,2400,₹0,1,66,38,0,http://scopicsoftware.com/portfolio/web/pepperstone-trading-platform/
27,what are portals,2400,₹0,1,56,67,0,http://scopicsoftware.com/blog/benefits-of-a-web-portal/
28,homegrown nurseries,1900,₹4.13,4,45,16,2,http://scopicsoftware.com/case-studies/how-homegrown-nursery-increased-their-organic-traffic-by-2133-in-6-months/
29,home grown nursery,1900,₹4.13,4,41,36,0,http://scopicsoftware.com/case-studies/how-homegrown-nursery-increased-their-organic-traffic-by-2133-in-6-months/
30,software for trading,1900,₹20.22,31,49,96,0,http://scopicsoftware.com/solutions/trading/
31,software for traders,1900,₹20.22,31,49,83,0,http://scopicsoftware.com/solutions/trading/
32,ai trades,1900,₹10.32,20,42,63,0,http://scopicsoftware.com/blog/the-future-of-ai-trading/
33,ai trading,1900,₹10.32,20,47,81,0,http://scopicsoftware.com/blog/the-future-of-ai-trading/
34,ai in trading,1900,₹10.32,20,52,62,0,http://scopicsoftware.com/blog/the-future-of-ai-trading/
35,trading ai,1900,₹10.32,20,50,95,0,http://scopicsoftware.com/blog/the-future-of-ai-trading/
36,ai for trading,1900,₹10.32,20,49,65,0,http://scopicsoftware.com/blog/the-future-of-ai-trading/
37,software lifecycle models,1900,₹191.92,1,56,77,0,http://scopicsoftware.com/blog/software-development-models/
38,homegrown nursery,1600,₹4.13,10,56,18,2,http://scopicsoftware.com/case-studies/how-homegrown-nursery-increased-their-organic-traffic-by-2133-in-6-months/
39,quants trading,1600,₹9.08,6,59,88,0,http://scopicsoftware.com/blog/algorithmic-vs-quantitative-trading/
40,advertising benefits,1600,₹188.62,1,53,69,0,http://scopicsoftware.com/blog/benefits-of-display-advertising/
41,stockstotrade app,1300,₹105.66,40,58,4,31,http://scopicsoftware.com/portfolio/web/stockstotrade-web-app/
42,software models,1300,₹66.86,1,48,16,2,http://scopicsoftware.com/blog/software-development-models/
43,software development models,1300,₹302.13,1,45,16,1,http://scopicsoftware.com/blog/software-development-models/
44,software development model,1300,₹302.13,1,49,17,1,http://scopicsoftware.com/blog/software-development-models/
45,software model,1300,₹66.86,1,50,28,0,http://scopicsoftware.com/blog/software-development-models/
46,what is the online trading,1300,₹24.76,18,46,53,0,http://scopicsoftware.com/blog/advantages-and-disadvantages-of-online-trading/
47,what is online trading,1300,₹24.76,18,45,67,0,http://scopicsoftware.com/blog/advantages-and-disadvantages-of-online-trading/
48,websitemarketing,1300,₹89.15,33,60,55,0,http://scopicsoftware.com/blog/website-marketing/
49,crm importance,1300,₹21.88,1,51,75,0,http://scopicsoftware.com/blog/why-is-crm-important/
50,elearning application,1300,₹20.22,6,61,31,0,http://scopicsoftware.com/portfolio/web/elearning-application/
51,types of sdlc,1000,₹0,1,47,59,0,http://scopicsoftware.com/blog/software-development-models/
52,importance of client relationship management,1000,₹47.47,1,53,86,0,http://scopicsoftware.com/blog/why-is-crm-important/
53,services of web development,1000,₹52.01,30,40,52,0,http://scopicsoftware.com/web-development/
54,cross platform app developer,1000,₹149,9,8,84,0,http://scopicsoftware.com/mobile-development/cross-platform/
55,roi in digital marketing,1000,₹262.50,2,59,59,0,http://scopicsoftware.com/blog/how-to-improve-roi-in-digital-marketing/
56,roi on digital marketing,1000,₹168.81,4,60,84,0,http://scopicsoftware.com/blog/how-to-improve-roi-in-digital-marketing/
57,cross platform app development,1000,₹250.12,9,53,92,0,http://scopicsoftware.com/mobile-development/cross-platform/
58,roi for digital marketing,1000,₹168.81,4,56,80,0,http://scopicsoftware.com/blog/how-to-improve-roi-in-digital-marketing/
59,us web development company,1000,₹209.67,56,47,98,0,http://scopicsoftware.com/web-development/
60,cross platform app developers,1000,₹250.12,9,50,70,0,http://scopicsoftware.com/mobile-development/cross-platform/
61,algo trading meaning,1000,₹14.45,13,55,66,0,http://scopicsoftware.com/blog/the-future-of-ai-trading/
62,meaning of algo trading,1000,₹11.97,14,58,84,0,http://scopicsoftware.com/blog/the-future-of-ai-trading/
63,app cross platform development,1000,₹203.48,8,52,62,0,http://scopicsoftware.com/mobile-development/cross-platform/
64,algo trading means,1000,₹14.45,13,58,67,0,http://scopicsoftware.com/blog/how-to-create-a-trading-algorithm/
65,app development cross platform,1000,₹203.48,8,52,48,0,http://scopicsoftware.com/mobile-development/cross-platform/
66,sdlc types,1000,₹0,1,46,54,0,http://scopicsoftware.com/blog/software-development-models/
67,grow your agency,1000,₹37.56,2,61,89,0,http://scopicsoftware.com/blog/growing-a-marketing-agency/
68,importance of crm,1000,₹47.47,1,45,90,0,http://scopicsoftware.com/blog/why-is-crm-important/
69,website development service,1000,₹54.07,25,49,69,0,http://scopicsoftware.com/web-development/
70,digital marketing roi,1000,₹262.50,2,59,67,0,http://scopicsoftware.com/blog/how-to-improve-roi-in-digital-marketing/
71,development models,880,₹0,1,44,17,1,http://scopicsoftware.com/blog/software-development-models/
72,development model,880,₹0,1,44,32,0,http://scopicsoftware.com/blog/software-development-models/
73,cartoonize,880,₹35.08,1,61,53,0,http://scopicsoftware.com/portfolio/web/cartoonize/
74,designrush,880,₹0,1,76,93,0,http://scopicsoftware.com/blog/designrush-awards/
75,savviness synonym,880,₹0,1,58,55,0,http://scopicsoftware.com/blog/must-have-skills-for-remote-workers/
76,software development service,880,₹115.57,8,46,65,0,http://scopicsoftware.com/software-development/
77,software development with services,880,₹137.03,9,44,62,0,http://scopicsoftware.com/software-development/
78,software ui ux design,880,₹45.81,21,54,69,0,http://scopicsoftware.com/design/
79,types of software engineering models,720,₹0,1,48,19,2,http://scopicsoftware.com/blog/software-development-models/
80,types of sdlc models,720,₹0,1,49,42,0,http://scopicsoftware.com/blog/software-development-models/
81,software ui design,720,₹18.57,7,64,89,0,http://scopicsoftware.com/design/
82,custom desktop,720,₹9.91,17,45,27,0,http://scopicsoftware.com/desktop-development/
83,how do online trading,720,₹55.72,39,47,79,0,http://scopicsoftware.com/blog/advantages-and-disadvantages-of-online-trading/
84,algo trading strategies,720,₹13.62,33,43,52,0,http://scopicsoftware.com/blog/how-to-create-a-trading-algorithm/
85,algo trading strategy,720,₹13.62,33,43,38,0,http://scopicsoftware.com/blog/how-to-create-a-trading-algorithm/
86,software engineering company,720,₹19.81,9,55,91,0,http://scopicsoftware.com/
87,hiring a web developer,720,₹55.72,32,59,78,0,http://scopicsoftware.com/blog/questions-to-ask-a-web-developer-before-hiring/
88,types of modeling in software engineering,720,₹0,1,50,52,0,http://scopicsoftware.com/blog/software-development-models/
89,types of modelling in software engineering,720,₹0,1,50,72,0,http://scopicsoftware.com/blog/software-development-models/
90,hiring web developer,720,₹55.72,32,68,54,0,http://scopicsoftware.com/blog/questions-to-ask-a-web-developer-before-hiring/
91,soundbridge,590,₹26.42,1,62,25,0,http://scopicsoftware.com/portfolio/web/soundbridge/
92,custom mobile,590,₹2.89,96,58,42,0,http://scopicsoftware.com/mobile-development/
93,trading algorithm software,590,₹16.10,34,43,52,0,http://scopicsoftware.com/blog/how-to-create-a-trading-algorithm/
94,desktop applications examples,590,₹0,1,54,51,0,http://scopicsoftware.com/portfolio/desktop/
95,examples of desktop applications,590,₹0,1,53,47,0,http://scopicsoftware.com/portfolio/desktop/
96,desktop application examples,590,₹0,1,54,49,0,http://scopicsoftware.com/portfolio/desktop/
97,customer relationship management importance,590,₹21.05,3,45,41,0,http://scopicsoftware.com/blog/why-is-crm-important/
98,3d teeth model,590,₹0,9,62,71,0,http://scopicsoftware.com/solutions/healthcare/dental-3d-modeling-software/
99,virtual organizational,590,₹0,1,66,92,0,http://scopicsoftware.com/blog/how-virtual-companies-work/
100,what is display advertising,590,₹280.25,8,70,85,0,http://scopicsoftware.com/blog/benefits-of-display-advertising/
101,trading algorithms software,590,₹16.10,34,48,65,0,http://scopicsoftware.com/blog/how-to-create-a-trading-algorithm/
102,ssdlc,590,₹241.04,1,44,69,0,http://scopicsoftware.com/blog/secure-software-development-life-cycle-ssdlc-guide/
103,seo services in usa,590,₹338.04,70,50,90,0,http://scopicsoftware.com/marketing/seo/
104,seo services usa,590,₹338.04,70,52,90,0,http://scopicsoftware.com/marketing/seo/
105,seo service in usa,590,₹338.04,70,55,73,0,http://scopicsoftware.com/marketing/seo/
106,algorithmic trading software,590,₹16.10,34,37,94,0,http://scopicsoftware.com/blog/how-to-create-a-trading-algorithm/
107,teeth model 3d,590,₹0,9,57,73,0,http://scopicsoftware.com/solutions/healthcare/dental-3d-modeling-software/
108,usa seo service,590,₹338.04,70,48,74,0,http://scopicsoftware.com/marketing/seo/
109,usa seo services,590,₹338.04,70,50,70,0,http://scopicsoftware.com/marketing/seo/
110,irepair,590,₹43.34,1,59,42,0,http://scopicsoftware.com/portfolio/design/irepair/
111,ocr uses,480,₹0,1,59,20,2,http://scopicsoftware.com/blog/the-top-5-business-uses-of-ocr/
112,uses of ocr,480,₹0,1,59,13,1,http://scopicsoftware.com/blog/the-top-5-business-uses-of-ocr/
113,which phase involves checking the signature of binaries,480,₹0,1,53,23,1,http://scopicsoftware.com/blog/secure-software-development-life-cycle-ssdlc-guide/
114,trading strategy algorithms,480,₹13.21,12,51,35,0,http://scopicsoftware.com/blog/how-to-create-a-trading-algorithm/
115,virtual organizational structure,480,₹0,1,59,77,0,http://scopicsoftware.com/blog/how-virtual-companies-work/
116,roi full form in digital marketing,480,₹214.21,1,62,92,0,http://scopicsoftware.com/blog/how-to-improve-roi-in-digital-marketing/
117,software digital marketing,480,₹57.37,30,63,74,0,http://scopicsoftware.com/
118,gorilla app,480,₹16.10,1,59,97,0,http://scopicsoftware.com/portfolio/web/gorilla-workout-website/
119,best algo trading strategy,480,₹11.14,33,43,74,0,http://scopicsoftware.com/blog/how-to-create-a-trading-algorithm/
120,social media packages,480,₹39.62,11,35,64,0,http://scopicsoftware.com/marketing/social-media-packages/
121,online brokerage stocks,480,₹83.79,39,65,100,0,http://scopicsoftware.com/blog/advantages-and-disadvantages-of-online-trading/
122,algorithm trade software,480,₹23.11,48,28,54,0,http://scopicsoftware.com/blog/how-to-create-a-trading-algorithm/
123,java freelancer jobs,480,₹4.95,35,57,52,0,http://scopicsoftware.com/
124,360 marketing,480,₹179.13,9,49,61,0,http://scopicsoftware.com/marketing/360-degree-plan/
125,google advertising app,480,"₹41,296.83",12,77,46,0,http://scopicsoftware.com/blog/use-google-play-ads-and-apple-search-ads/
126,what are desktop applications,480,₹0,1,66,71,0,http://scopicsoftware.com/desktop-development/
127,agile development is,480,₹38.80,3,70,76,0,http://scopicsoftware.com/blog/is-agile-development-dead/
128,advantages of chatbot,480,₹1.24,1,46,94,0,http://scopicsoftware.com/blog/benefits-of-chatbots/
129,jockey app,480,₹14.86,32,58,51,0,http://scopicsoftware.com/portfolio/desktop/jockey-silks-creator/
130,trading benefits,390,₹28.48,2,39,18,1,http://scopicsoftware.com/blog/advantages-and-disadvantages-of-online-trading/
131,cartoonize software,390,₹16.92,14,59,30,0,http://scopicsoftware.com/portfolio/web/cartoonize/
132,paint for mobile,390,₹49.12,4,71,83,0,http://scopicsoftware.com/portfolio/mobile/pengo-paint/
133,software companies in australia,390,₹148.17,36,61,73,0,http://scopicsoftware.com/au/custom-software-development-australia/
134,benefits of trading,390,₹28.48,2,46,76,0,http://scopicsoftware.com/blog/advantages-and-disadvantages-of-online-trading/
135,software modelling in software engineering,390,₹0,1,59,97,0,http://scopicsoftware.com/blog/software-development-models/
136,cross platform software,390,₹16.10,8,51,23,0,http://scopicsoftware.com/mobile-development/cross-platform/
137,us website development company,390,₹250.12,55,50,74,0,http://scopicsoftware.com/web-development/
138,see flix app,390,₹0,1,41,89,0,http://scopicsoftware.com/portfolio/mobile/my-flix-list/
139,360 degree marketing,390,₹149.41,1,51,28,0,http://scopicsoftware.com/marketing/360-degree-plan/
140,difference between ehr and emr,390,₹50.77,1,47,94,0,http://scopicsoftware.com/solutions/healthcare/ehr-software-development/
141,bot frameworks,390,₹0,1,49,33,0,http://scopicsoftware.com/blog/chatbot-development-frameworks/
142,best algo trading software,390,₹14.45,39,30,93,0,http://scopicsoftware.com/blog/how-to-create-a-trading-algorithm/
143,ehr software,390,₹129.60,23,53,92,0,http://scopicsoftware.com/solutions/healthcare/ehr-software-development/
144,which model,390,₹0,1,59,92,0,http://scopicsoftware.com/blog/software-development-models/
145,telemedicine app development,390,₹250.12,21,46,52,0,http://scopicsoftware.com/blog/telemedicine-app-development/
146,benefits of chatbots,390,₹6.60,2,49,83,0,http://scopicsoftware.com/blog/benefits-of-chatbots/
147,secure sdlc phases,390,₹54.07,4,55,79,0,http://scopicsoftware.com/blog/secure-software-development-life-cycle-ssdlc-guide/
148,benefits of chatbot,390,₹6.60,2,47,72,0,http://scopicsoftware.com/blog/benefits-of-chatbots/
149,software company australia,390,₹148.17,36,60,65,0,http://scopicsoftware.com/au/custom-software-development-australia/
150,software development process models,390,₹86.26,1,56,49,0,http://scopicsoftware.com/blog/software-development-models/
151,software company in australia,390,₹108.96,30,40,62,0,http://scopicsoftware.com/au/custom-software-development-australia/
152,ocr applications,390,₹6.60,10,59,96,0,http://scopicsoftware.com/blog/the-top-5-business-uses-of-ocr/
153,applications of ocr,390,₹6.60,10,59,52,0,http://scopicsoftware.com/blog/the-top-5-business-uses-of-ocr/
154,zoo apps,390,₹0,1,56,70,0,http://scopicsoftware.com/portfolio/mobile/switch-zoo/
155,storm chasing,390,₹0,1,67,58,0,http://scopicsoftware.com/portfolio/mobile/stormchasing/
156,scopic,320,₹0,1,60,1,121,http://scopicsoftware.com/
157,online trading advantages and disadvantages,320,₹0,1,50,4,7,http://scopicsoftware.com/blog/advantages-and-disadvantages-of-online-trading/
158,advantage and disadvantage of online trading,320,₹0,1,49,5,5,http://scopicsoftware.com/blog/advantages-and-disadvantages-of-online-trading/
159,advantages and disadvantages of online trading,320,₹0,1,45,5,5,http://scopicsoftware.com/blog/advantages-and-disadvantages-of-online-trading/
160,web portals,320,₹0,1,54,17,2,http://scopicsoftware.com/blog/benefits-of-a-web-portal/
161,php alternative,320,₹0,1,53,14,1,http://scopicsoftware.com/blog/php-alternative-for-web-projects/
162,php alternatives,320,₹0,1,49,16,1,http://scopicsoftware.com/blog/php-alternative-for-web-projects/
163,developmental marketing,320,₹38.38,3,65,57,0,http://scopicsoftware.com/
164,virtual company,320,₹21.05,9,55,23,0,http://scopicsoftware.com/blog/how-virtual-companies-work/
165,desktop applications development,320,₹52.42,8,57,29,0,http://scopicsoftware.com/desktop-development/
166,develop desktop app,320,₹52.42,8,56,43,0,http://scopicsoftware.com/desktop-development/
167,develop desktop application,320,₹52.42,8,57,32,0,http://scopicsoftware.com/desktop-development/
168,desktop application development,320,₹52.42,8,53,33,0,http://scopicsoftware.com/desktop-development/
169,application development as a service,320,₹128.78,24,57,67,0,http://scopicsoftware.com/desktop-development/
170,horse 3d google,320,₹0,1,68,52,0,http://scopicsoftware.com/portfolio/desktop/3d-horse-racing/
171,algorithmic options trading,320,₹18.16,17,61,92,0,http://scopicsoftware.com/blog/how-to-create-a-trading-algorithm/
172,product development company,320,₹80.07,6,40,42,0,http://scopicsoftware.com/
173,flix app,320,₹0,1,55,95,0,http://scopicsoftware.com/portfolio/mobile/my-flix-list/
174,product development companies,320,₹80.07,6,37,95,0,http://scopicsoftware.com/
175,online trading disadvantages,260,₹0,1,48,3,14,http://scopicsoftware.com/blog/advantages-and-disadvantages-of-online-trading/
176,disadvantages of online trading,260,₹0,1,49,3,11,http://scopicsoftware.com/blog/advantages-and-disadvantages-of-online-trading/
177,customized website development,260,₹74.29,28,43,5,4,http://scopicsoftware.com/web-development/
178,custom website development,260,₹79.25,28,49,11,1,http://scopicsoftware.com/web-development/
179,algo software for trading,260,₹17.75,46,35,81,0,http://scopicsoftware.com/blog/how-to-create-a-trading-algorithm/
180,cross platform mobile app development,260,₹193.16,5,52,80,0,http://scopicsoftware.com/mobile-development/cross-platform/
181,cryptocurrency development,260,₹203.48,15,41,75,0,http://scopicsoftware.com/desktop-development/cryptocurrency/
182,online trading features,260,₹0,1,43,75,0,http://scopicsoftware.com/blog/advantages-and-disadvantages-of-online-trading/
183,advantages of trading,260,₹0,1,41,34,0,http://scopicsoftware.com/blog/advantages-and-disadvantages-of-online-trading/
184,desktop software,260,₹4.13,2,65,85,0,http://scopicsoftware.com/desktop-development/
185,cross platform development,260,₹99.88,2,62,69,0,http://scopicsoftware.com/mobile-development/cross-platform/
186,advantage of trading,260,₹0,1,46,40,0,http://scopicsoftware.com/blog/advantages-and-disadvantages-of-online-trading/
187,algo strategies,260,₹16.10,34,42,66,0,http://scopicsoftware.com/blog/how-to-create-a-trading-algorithm/
188,machine learning trading,260,₹27.65,20,65,93,0,http://scopicsoftware.com/blog/the-future-of-ai-trading/
189,algo strategy,260,₹16.10,34,41,71,0,http://scopicsoftware.com/blog/how-to-create-a-trading-algorithm/
190,trading advantages,260,₹0,1,42,25,0,http://scopicsoftware.com/blog/advantages-and-disadvantages-of-online-trading/
191,e commerce java project,260,₹4.95,8,48,92,0,http://scopicsoftware.com/blog/best-programming-languages-for-ecommerce/
192,idea for web app,260,₹15.68,6,36,92,0,http://scopicsoftware.com/blog/4-reasons-why-web-apps-fail/
193,learn algo trading,260,₹18.99,46,51,74,0,http://scopicsoftware.com/blog/the-future-of-ai-trading/
194,disadvantages of the stock market,260,₹0,1,42,92,0,http://scopicsoftware.com/blog/advantages-and-disadvantages-of-online-trading/
195,trading machine learning,260,₹27.65,20,60,77,0,http://scopicsoftware.com/blog/the-future-of-ai-trading/
196,advantages and disadvantages of online transactions,260,₹0,1,42,99,0,http://scopicsoftware.com/blog/advantages-and-disadvantages-of-online-trading/
197,disadvantages of stock market,260,₹0,1,42,63,0,http://scopicsoftware.com/blog/advantages-and-disadvantages-of-online-trading/
198,ecommerce java project,260,₹16.51,13,55,65,0,http://scopicsoftware.com/blog/best-programming-languages-for-ecommerce/
199,radiology information systems,260,₹87.91,2,53,23,0,http://scopicsoftware.com/blog/radiology-information-system/
200,cross platform mobile apps development,260,₹175.42,6,53,70,0,http://scopicsoftware.com/mobile-development/cross-platform/
201,custom web development services,210,₹50.35,12,40,1,99,http://scopicsoftware.com/web-development/
202,software product development company,210,₹97.82,5,36,9,4,http://scopicsoftware.com/
203,advantages of online trading,210,₹0,1,34,9,3,http://scopicsoftware.com/blog/advantages-and-disadvantages-of-online-trading/
204,sco full form in digital marketing,210,₹0,1,31,17,3,http://scopicsoftware.com/marketing/
205,trading advantages and disadvantages,210,₹0,1,43,14,1,http://scopicsoftware.com/blog/advantages-and-disadvantages-of-online-trading/
206,online trading advantages,210,₹0,1,38,11,1,http://scopicsoftware.com/blog/advantages-and-disadvantages-of-online-trading/
207,advantages and disadvantages of trading,210,₹0,1,41,11,1,http://scopicsoftware.com/blog/advantages-and-disadvantages-of-online-trading/
208,types of software process model,210,₹0,1,51,45,0,http://scopicsoftware.com/blog/software-development-models/
209,types of display advertising,210,₹0,1,51,57,0,http://scopicsoftware.com/blog/benefits-of-display-advertising/
210,web development and digital marketing,210,₹68.93,16,45,34,0,http://scopicsoftware.com/
211,system development models,210,₹0,1,50,45,0,http://scopicsoftware.com/blog/software-development-models/
212,types of software process models,210,₹0,1,51,93,0,http://scopicsoftware.com/blog/software-development-models/
213,types of process models in software engineering,210,₹0,1,56,98,0,http://scopicsoftware.com/blog/software-development-models/
214,why crm is important,210,₹37.97,3,48,69,0,http://scopicsoftware.com/blog/why-is-crm-important/
215,types of process model in software engineering,210,₹0,1,51,91,0,http://scopicsoftware.com/blog/software-development-models/
216,cross platform app,210,₹179.96,2,52,77,0,http://scopicsoftware.com/mobile-development/cross-platform/
217,disadvantages of chatbot,210,₹0,1,39,93,0,http://scopicsoftware.com/blog/benefits-of-chatbots/
218,crm in service marketing,210,₹60.67,4,66,75,0,http://scopicsoftware.com/blog/why-is-crm-important/
219,cross platform language,210,₹0,1,53,45,0,http://scopicsoftware.com/mobile-development/cross-platform/
220,pros and cons of share market,210,₹6.19,1,44,89,0,http://scopicsoftware.com/blog/advantages-and-disadvantages-of-online-trading/
221,what is roi in digital marketing,210,₹82.14,3,63,76,0,http://scopicsoftware.com/blog/how-to-improve-roi-in-digital-marketing/
222,custom mobile app development companies,210,₹234.02,14,52,72,0,http://scopicsoftware.com/mobile-development/
223,ocr example,210,₹0,1,62,92,0,http://scopicsoftware.com/blog/the-top-5-business-uses-of-ocr/
224,custom mobile app development company,210,₹234.02,14,46,63,0,http://scopicsoftware.com/mobile-development/
225,display advertising types,210,₹196.88,1,45,90,0,http://scopicsoftware.com/blog/benefits-of-display-advertising/
226,advantages of trading online,210,₹0,1,33,10,0,http://scopicsoftware.com/blog/advantages-and-disadvantages-of-online-trading/
227,role of personal selling in customer relationship management,210,₹0,1,53,92,0,http://scopicsoftware.com/blog/why-is-crm-important/
228,sco in digital marketing,210,"₹1,186.22",9,44,26,0,http://scopicsoftware.com/marketing/
229,what is quantitative trading,210,₹13.21,2,58,62,0,http://scopicsoftware.com/blog/algorithmic-vs-quantitative-trading/
230,machine learning development company,210,₹536.15,3,45,37,0,http://scopicsoftware.com/desktop-development/machine-learning/
231,advantage of online trading,210,₹0,1,33,10,0,http://scopicsoftware.com/blog/advantages-and-disadvantages-of-online-trading/
232,machine learning development companies,210,₹172.11,4,56,38,0,http://scopicsoftware.com/desktop-development/machine-learning/
233,digital mark 360,210,₹87.50,17,36,71,0,http://scopicsoftware.com/marketing/
234,what is ris,210,₹0,1,52,23,0,http://scopicsoftware.com/blog/radiology-information-system/
235,system development model,210,₹0,1,51,52,0,http://scopicsoftware.com/blog/software-development-models/
236,what is a cross platform software,210,₹0,1,47,35,0,http://scopicsoftware.com/mobile-development/cross-platform/
237,why a crm is important,210,₹37.97,3,50,53,0,http://scopicsoftware.com/blog/why-is-crm-important/
238,product development software companies,210,₹847.36,9,41,72,0,http://scopicsoftware.com/
239,ocr examples,210,₹0,1,63,74,0,http://scopicsoftware.com/blog/the-top-5-business-uses-of-ocr/
240,why is crm important,170,₹36.73,7,45,28,0,http://scopicsoftware.com/blog/why-is-crm-important/
241,web development services company,170,₹38.80,33,50,25,0,http://scopicsoftware.com/web-development/
242,why is a crm important,170,₹36.73,7,49,77,0,http://scopicsoftware.com/blog/why-is-crm-important/
243,web development service company,170,₹82.55,24,46,75,0,http://scopicsoftware.com/web-development/
244,crm in services marketing,170,₹75.12,7,56,51,0,http://scopicsoftware.com/blog/why-is-crm-important/
245,web development and design company,170,₹49.53,28,48,85,0,http://scopicsoftware.com/web-development/
246,chatbot development services,170,₹43.75,7,38,27,0,http://scopicsoftware.com/web-development/chatbot-solutions/
247,virtual organisation features,170,₹0,1,44,93,0,http://scopicsoftware.com/blog/how-virtual-companies-work/
248,custom web application development services,140,₹111.03,14,10,18,1,http://scopicsoftware.com/web-development/
249,custom web development companies,140,₹0,8,8,11,1,http://scopicsoftware.com/web-development/
250,custom web development company,140,₹0,8,44,7,1,http://scopicsoftware.com/web-development/
251,professional web development service,140,₹53.24,23,12,15,1,http://scopicsoftware.com/web-development/
252,web development in usa,140,₹215.04,71,27,89,0,http://scopicsoftware.com/web-development/
253,web development services in usa,110,₹155.60,57,23,64,0,http://scopicsoftware.com/web-development/
254,cross platform app development company,110,₹0,2,42,87,0,http://scopicsoftware.com/mobile-development/cross-platform/
255,custom web development,90,₹115.15,9,39,7,2,http://scopicsoftware.com/web-development/
256,stock trade algorithm,90,₹31.78,33,23,46,0,http://scopicsoftware.com/blog/how-to-create-a-trading-algorithm/
257,custom web design service,90,₹0,6,7,47,0,http://scopicsoftware.com/web-development/
258,how to learn algo trading,90,₹30.96,52,21,84,0,http://scopicsoftware.com/blog/how-to-create-a-trading-algorithm/
259,ris radiology,90,₹0,1,18,32,0,http://scopicsoftware.com/blog/radiology-information-system/
260,professional web development services,90,₹58.20,12,47,33,0,http://scopicsoftware.com/web-development/
261,ads management company,90,₹67.69,19,19,82,0,http://scopicsoftware.com/marketing/google-ads-management-services/
262,software product development services,90,₹202.24,12,38,90,0,http://scopicsoftware.com/
263,custom web design company,70,₹0,4,7,13,1,http://scopicsoftware.com/web-development/
264,financial software development company,70,₹235.68,7,42,17,1,http://scopicsoftware.com/solutions/finance/
265,software development firm,70,₹96.17,39,54,89,0,http://scopicsoftware.com/
266,custom mobile application development,70,₹142.40,17,48,30,0,http://scopicsoftware.com/mobile-development/
267,software development solutions,70,₹589.81,11,17,32,0,http://scopicsoftware.com/software-development/
268,360 digital marketing services,70,₹0,2,6,56,0,http://scopicsoftware.com/marketing/
269,radiology software,70,₹25.59,18,24,94,0,http://scopicsoftware.com/blog/radiology-information-system/
270,custom website development company,50,₹44.99,22,12,8,1,http://scopicsoftware.com/web-development/
271,common seo mistakes,50,₹0,3,14,97,0,http://scopicsoftware.com/blog/25-common-seo-mistakes/
272,web development service provider,50,₹53.24,38,45,76,0,http://scopicsoftware.com/web-development/
273,custom website designing services,50,₹210.50,11,9,77,0,http://scopicsoftware.com/web-development/
274,artificial intelligence development services,40,₹0,5,44,81,0,http://scopicsoftware.com/desktop-development/machine-learning/
275,software application development services,40,₹0,15,10,61,0,http://scopicsoftware.com/desktop-development/
276,dental imaging software,40,₹30.13,16,18,36,0,http://scopicsoftware.com/solutions/healthcare/dental-imaging-software/
277,leading software development company,30,₹0,9,8,95,0,http://scopicsoftware.com/
278,crm service marketing,30,₹76.36,20,20,41,0,http://scopicsoftware.com/blog/why-is-crm-important/
279,custom web design and development,20,₹0,6,44,10,1,http://scopicsoftware.com/web-development/
280,custom mobile application development services,20,"₹1,109.45",16,46,61,0,http://scopicsoftware.com/mobile-development/
281,custom chatbot solutions,10,₹0,1,13,6,1,http://scopicsoftware.com/web-development/chatbot-solutions/
282,software product development agency,10,₹0,14,42,24,0,http://scopicsoftware.com/
283,best web development services company,10,₹0,1,5,58,0,http://scopicsoftware.com/web-development/
284,app cross platform,10,₹0,1,52,73,0,http://scopicsoftware.com/mobile-development/cross-platform/
285,web design and development service provider,10,₹0,7,8,57,0,http://scopicsoftware.com/web-development/
286,professional website development service,10,₹0,9,8,19,0,http://scopicsoftware.com/web-development/
287,360 digital marketing company,0,₹0,1,4,87,0,http://scopicsoftware.com/marketing/
288,software development web development website design digital marketing service fr,0,₹0,1,4,20,0,http://scopicsoftware.com/
289,how chat gpt is a threat to content writers,0,₹0,1,4,25,0,http://scopicsoftware.com/blog/chat-gpt-and-copywriting-a-match-made-in-heaven-or-a-threat-to-human-creativity/
290,how chatgpt is a threat to content writers,0,₹0,1,4,39,0,http://scopicsoftware.com/blog/chat-gpt-and-copywriting-a-match-made-in-heaven-or-a-threat-to-human-creativity/
291,create custom trade strategies,0,₹0,1,4,46,0,http://scopicsoftware.com/blog/how-to-create-a-trading-algorithm/
292,how chat gpt is a threat,0,₹0,1,4,77,0,http://scopicsoftware.com/blog/chat-gpt-and-copywriting-a-match-made-in-heaven-or-a-threat-to-human-creativity/
293,get a web development service,0,₹0,1,4,41,0,http://scopicsoftware.com/web-development/
294,big data in algo trading,0,₹0,1,4,60,0,http://scopicsoftware.com/blog/algorithmic-vs-quantitative-trading/
295,digital marketing errors,0,₹0,1,12,85,0,http://scopicsoftware.com/blog/mistakes-to-avoid-for-small-business/
296,360 degree branding videos,0,₹0,1,4,83,0,http://scopicsoftware.com/marketing/360-degree-plan/
297,customized website solutions,0,₹0,1,12,23,0,http://scopicsoftware.com/web-development/
298,instant messaging for financial sector,0,₹0,1,4,24,0,http://scopicsoftware.com/blog/ssecure-messaging-app-for-financial-companies/
299,common seo mistake,0,₹0,1,12,84,0,http://scopicsoftware.com/blog/25-common-seo-mistakes/
300,artificial intelligence and machine learning development services,0,₹0,1,4,27,0,http://scopicsoftware.com/desktop-development/machine-learning/
301,software and web development services,0,₹0,1,4,23,0,http://scopicsoftware.com/web-development/
