No,Keyword,Search Volume,CPC,Paid Difficulty,priority
1,search engine optimization,1.0m,$3.08,21,3
2,seo services,"49,500",$10.43,27,3
3,organic website ranking,0,$0.00,1,3
4,organic website traffic,880,$2.76,45,3
5,tips for search engine optimization,720,$2.00,5,3
6,seo services cost,720,$9.36,31,3
7,google search engine optimisation,320,$8.27,16,3
8,wordpress seo without plugin,210,$2.83,11,3
9,search engine optimization services near me,170,$12.13,12,3
10,is seo marketing,170,$5.59,5,3
11,looking for seo services,170,$11.71,20,3
12,the entire search engine optimization works on,110,$0.00,6,3
13,history of search engine optimization,90,$0.00,2,3
14,metadata for search engine optimization,70,$1.58,5,3
15,introduction to search engine marketing,70,$2.33,10,3
16,how to charge for seo services,70,$2.38,39,3
17,email template for seo services,50,$1.95,9,3
18,companies looking for seo services,50,$11.43,13,3
19,seo without backlinks,50,$8.71,16,3
20,seo without website,50,$3.75,14,3
21,pay for search engine optimization,40,$20.35,26,3
22,seo without resources,40,$0.00,4,3
23,search engine optimization course near me,30,$0.72,38,3
24,functions of search engine optimization,30,$0.00,2,3
25,quotation for seo services,30,$1.17,27,3
26,seo for cleaning services,30,$0.00,21,3
27,how to learn search engine optimization free,20,$1.77,48,3
28,is seo marketing a customer retention cost,20,$0.00,5,3
29,is seo marketing or advertising,20,$0.00,8,3
30,sales pitch for seo services,20,$1.70,48,3
31,hourly rate for seo services,20,$9.00,26,3
32,how to do seo without website,20,$3.43,23,3
33,seo for services,10,$12.15,71,3
34,seo services romania top,10,$0.00,1,3
35,a search engine optimization strategy,0,$0.00,1,3
36,a search engine optimization techniques,0,$0.00,1,3
37,skills for search engine optimization,0,$0.00,1,3
38,ai for search engine optimization,0,$0.00,1,3
39,chatgpt for search engine optimization,0,$0.00,1,3
40,no search engine optimization,0,$0.00,1,3
41,the search engine optimization process,0,$0.00,1,3
42,advantages to search engine optimization,0,$0.00,1,3
43,the search engine marketing strategy,0,$0.00,1,3
44,strategy to search engine optimization,0,$0.00,1,3
45,with search engine optimization,0,$0.00,1,3
46,advertising with search engine optimization,0,$0.00,1,3
47,seo is company,0,$0.00,1,3
48,seo for service pages,0,$0.00,1,3
49,hsn code for seo services,0,$0.00,1,3
50,sac code for seo services,0,$0.00,1,3
51,proposal format for seo services,0,$0.00,1,3
1,custom software development,"3,600",$18.56,14,3
2,innovative software solutions,480,$4.37,7,3
3,tailored business software,0,$0.00,1,3
4,near tailoring shop,"6,600",$0.65,10,3
5,near tailor,"4,400",$1.28,7,3
6,tailor software,880,$1.25,13,3
7,custom software development companies in india,590,$15.21,11,3
8,near software company,390,$1.60,5,3
9,top custom software development companies,320,$39.85,20,3
10,innovative solutions meaning,260,$0.00,1,3
11,nearby software companies,260,$2.28,6,3
12,what is tailored software,170,$0.00,1,3
13,tailor software free download,110,$0.51,8,3
14,create your own software without programming,90,$4.10,52,3
15,is tailoring business profitable,90,$0.00,1,3
16,custom software development near me,70,$32.80,36,3
17,build software without coding,70,$5.04,50,3
18,innovative cost solutions,70,$0.00,1,3
19,develop software without coding,50,$4.58,47,3
20,innovative pain treatment solutions,40,$0.00,5,3
21,without software,40,$0.00,1,3
22,a custom software development timeline includes,30,$6.29,5,3
23,top custom software development,20,$9.84,28,3
24,weblineindia a custom software development company,20,$0.00,1,3
25,how to create software without coding,20,$1.11,35,3
26,innovative thinker software solutions,20,$0.00,1,3
27,importance of custom software development,10,$0.00,9,3
28,a custom software development timeline includes quizlet,10,$0.00,1,3
29,custom software development companies near me,0,$0.00,1,3
30,naics code for custom software development,0,$0.00,1,3
31,types of custom software development,0,$0.00,1,3
32,disadvantages of custom software development,0,$0.00,1,3
33,process of custom software development,0,$0.00,1,3
34,statistics on custom software development,0,$0.00,1,3
35,top custom software development companies in india,0,$0.00,1,3
36,in custom software development,0,$0.00,1,3
37,bespoke in software development,0,$0.00,1,3
38,the innovative it solutions est,0,$0.00,1,3
39,is tailoring a business or profession,0,$0.00,1,3
1,desktop application development,"1,300",$5.50,14,3
2,windows application development,0,$0.00,1,3
3,cross-platform desktop solutions,0,$0.00,1,3
4,developing windows applications,480,$4.86,12,3
5,application development near me,390,$15.31,33,3
6,applications for windows 10,390,$0.20,4,3
7,cross platform desktop app,170,$1.89,6,3
8,best desktop application development framework,30,$2.39,6,3
9,languages for desktop application development,30,$0.00,3,3
10,best frameworks for desktop application development,30,$0.00,7,3
11,best language for windows application development,30,$0.00,1,3
12,best ide for desktop application development,20,$2.66,16,3
13,python for desktop application development,20,$4.78,20,3
14,desktop for software development,20,$6.89,100,3
15,roadmap for desktop app development,20,$0.00,7,3
16,applications for pc windows 10,20,$0.00,2,3
17,java for desktop application development,10,$0.00,6,3
18,native desktop applications,10,$0.00,1,3
19,windows for software development,10,$0.00,1,3
20,python for windows application development,10,$0.00,14,3
21,java is desktop application programming language,0,$0.00,1,3
22,desktop for app development,0,$0.00,1,3
23,technologies for desktop application development,0,$0.00,1,3
24,frameworks for desktop application development,0,$0.00,1,3
25,kotlin for desktop app development,0,$0.00,1,3
26,javascript for desktop app development,0,$0.00,1,3
27,python framework for desktop app development,0,$0.00,1,3
28,best language for desktop app development reddit,0,$0.00,1,3
29,future of windows application development,0,$0.00,1,3
30,flutter for windows app development,0,$0.00,1,3
31,best framework for windows app development,0,$0.00,1,3
1,digital marketing services,"33,100",$3.68,21,3
2,social media campaigns,"12,100",$4.01,14,3
3,online branding solutions,140,$3.04,19,3
4,a social media marketing plan,"5,400",$3.80,18,3
5,branding solution,"2,400",$1.93,10,3
6,digital marketing services near me,"1,900",$4.24,22,3
7,challenges with social media marketing,480,$1.16,4,3
8,viral social media campaigns,390,$1.93,12,3
9,tds on digital marketing services,320,$3.74,1,3
10,types of social media campaigns,320,$1.99,5,3
11,without branding,260,$0.14,11,3
12,in social media marketing what is cost per click,210,$0.00,28,3
13,problems with social media marketing,210,$2.60,4,3
14,tagline for digital marketing agency,170,$1.41,5,3
15,review for digital marketing company,170,$3.12,16,3
16,without social media,170,$0.00,1,3
17,types of digital marketing services,140,$1.95,12,3
18,email template for digital marketing services,140,$2.34,20,3
19,introduction to social media marketing coursera answers,140,$0.00,3,3
20,online branding examples,140,$0.99,8,3
21,quotation for digital marketing services,110,$0.91,24,3
22,bio for digital marketing agency,110,$0.71,11,3
23,branding solutions company,110,$0.65,14,3
24,a digital marketing agency,90,$4.14,17,3
25,gst on digital marketing services,90,$0.26,2,3
26,a digital marketing company,70,$6.28,26,3
27,near by digital marketing company,70,$5.13,22,3
28,contract for digital marketing services,50,$7.59,46,3
29,gst for digital marketing services,50,$0.87,9,3
30,nearby digital marketing agency,50,$0.64,19,3
31,near me digital marketing company,50,$5.43,22,3
32,digital marketing without investment,50,$0.87,28,3
33,near me digital marketing agency,40,$0.74,16,3
34,a social media campaign,40,$2.77,9,3
35,best social media campaigns ever,40,$3.13,18,3
36,without social media life,40,$0.00,1,3
37,agreement for digital marketing services,30,$0.95,37,3
38,tds for digital marketing services,30,$0.00,1,3
39,near me digital marketing,30,$7.96,22,3
40,digital marketing without website,30,$4.44,28,3
41,best social media campaigns india,30,$0.00,8,3
42,and social media marketing,30,$2.12,10,3
43,is digital marketing comes under it,20,$0.00,1,3
44,disadvantages to social media marketing,20,$0.00,5,3
45,benefits to social media marketing,20,$2.92,21,3
46,for digital marketing services,10,$34.81,18,3
47,price of digital marketing services,10,$3.13,27,3
48,objectives for social media campaign,10,$0.00,7,3
49,strategy for social media campaign,10,$1.84,23,3
50,digital marketing services near you,0,$0.00,1,3
51,a digital marketing company name,0,$0.00,1,3
52,of digital marketing company,0,$0.00,1,3
53,of digital marketing agency,0,$0.00,1,3
54,tds on digital marketing services under which section,0,$0.00,1,3
55,examples of digital marketing services,0,$0.00,1,3
56,a social media marketing proposal,0,$0.00,1,3
57,from social media marketing,0,$0.00,1,3
58,to social media marketing meaning,0,$0.00,1,3
59,a social media marketing executive,0,$0.00,1,3
60,on social media campaign,0,$0.00,1,3
61,of social media marketing strategy,0,$0.00,1,3
1,mobile app development,"33,100",$5.29,33,3
2,ios & android development,0,$0.00,1,3
3,Cross-Platform App Development,_,_,_,3
4,web and mobile app development,720,$3.98,24,3
5,develop app without coding,480,$4.35,50,3
6,introduction to mobile application development,480,$1.01,8,3
7,mobile app developers near me,390,$15.40,39,3
8,java for mobile app development,210,$2.34,16,3
9,roadmap for mobile app development,140,$0.73,10,3
10,flutter for mobile app development,140,$2.62,32,3
11,future of mobile app development,140,$2.43,6,3
12,develop ios app without mac,140,$4.29,8,3
13,ios development without mac,140,$3.89,2,3
14,develop android app without coding,110,$1.37,46,3
15,angular for mobile app development,90,$4.51,19,3
16,introduction to mobile application development pdf,70,$0.00,5,3
17,introduction to mobile application development ppt,70,$1.59,6,3
18,developing apps for both ios and android,70,$4.86,32,3
19,best framework for cross platform app development,50,$2.69,19,3
20,which is best for android app development,50,$1.13,24,3
21,introduction to mobile app development,40,$2.12,15,3
22,laptop for mobile app development,30,$0.61,100,3
23,near mobile data,30,$5.38,7,3
24,roadmap to mobile app development,30,$1.45,13,3
25,best framework for cross platform mobile development,30,$2.74,21,3
26,ios and android programming language,30,$0.00,5,3
27,phone app developer near me,20,$18.22,51,3
28,guide to mobile app development,20,$0.00,14,3
29,introduction to mobile application development notes,20,$1.00,6,3
30,mobile and application development mcqs,20,$0.00,1,3
31,best language for cross platform app development,20,$0.00,4,3
32,android ios app development framework,20,$2.90,11,3
33,is ios development harder than android,20,$0.00,1,3
34,framework for ios and android development,20,$5.07,23,3
35,android development for ios developers,20,$8.04,31,3
36,android development or ios development,20,$0.00,11,3
37,ios and android developer salary,20,$0.00,1,3
38,how to use android and ios together,20,$0.00,2,3
39,is mobile app development easy,0,$0.00,1,3
40,is mobile app development dying,0,$0.00,1,3
41,is mobile app development a software,0,$0.00,1,3
42,a mobile app development,0,$0.00,1,3
43,to mobile app development,0,$0.00,1,3
44,steps to mobile app development,0,$0.00,1,3
45,approaches to mobile app development,0,$0.00,1,3
46,challenges to mobile app development,0,$0.00,1,3
47,learn to mobile app development,0,$0.00,1,3
48,companies with mobile app development,0,$0.00,1,3
49,disadvantages of cross platform app development,0,$0.00,1,3
50,future of cross platform app development,0,$0.00,1,3
51,ios or android development for beginners,0,$0.00,1,3
52,ios and android developer job scope,0,$0.00,1,3
53,ios and android developer salary malaysia,0,$0.00,1,3
54,is android or ios development easier,0,$0.00,1,3
1,ui/ux design services,"1,900",$4.71,23,3
2,interactive user experiences,50,$1.83,13,3
3,user-centered interface design,10,$0.00,2,3
4,what is user interface design,"1,600",$1.60,5,3
5,what is user centered design,"1,000",$1.00,1,3
6,user interface design principles,"1,000",$1.45,6,3
7,types of menus in user interface design,40,$0.00,1,3
8,user interactive elements,30,$0.00,1,3
9,non interactive user,30,$0.00,1,3
10,non interactive user dynamics 365,30,$0.00,4,3
11,use interactive login error in uipath,0,$0.00,1,3
12,non interactive user account in windows,0,$0.00,1,3
13,non interactive user servicenow,0,$0.00,1,3
1,E-commerce Solutions,_,_,_,3
2,custom website design,"1,900",$13.25,14,3
3,web development services,"8,100",$5.09,25,3
4,to web development services,0,$0.00,1,3
5,benefits of custom website design,0,$0.00,1,3
6,custom design shop near me,0,$0.00,1,3
7,rfp for e commerce platform,0,$0.00,1,3
8,custom in website design,10,$0.00,56,3
9,website without wordpress,10,$2.66,19,3
10,where can i design my website,20,$6.82,45,3
11,how to design website without coding,20,$0.44,38,3
12,web development short form,30,$0.00,2,3
13,web development without degree,30,$2.70,28,3
14,custom website design near me,30,$0.00,11,3
15,local web developers near me,40,$30.53,28,3
16,web development without javascript,40,$0.00,3,3
17,types of e commerce solutions,40,$0.00,5,3
18,ecommerce without inventory,40,$3.81,44,3
19,near me website developer,90,$1.05,46,3
20,website development without coding,90,$0.66,43,3
21,e commerce contact number,90,$3.06,7,3
22,e commerce system examples,90,$1.79,14,3
23,custom designs near me,170,$5.36,31,3
24,near computer shop near me,210,$1.82,18,3
25,e commerce methods,210,$2.68,6,3
26,web development cost,480,$3.78,27,3
27,ecommerce platform,"27,100",$5.12,38,3
